{
    "parent": "item/generated",
    "textures": {
        "layer0": "item/potion_overlay",
        "layer1": "item/potion"
    },

    "overrides": [
	{"predicate": {"custom_model_data": 557}, "model": "item/beer"},
	{"predicate": {"custom_model_data": 601}, "model": "item/glowberry_sec"},
	{"predicate": {"custom_model_data": 602}, "model": "item/light_rum"},
	{"predicate": {"custom_model_data": 603}, "model": "item/vermouth"},
	{"predicate": {"custom_model_data": 604}, "model": "item/campari"},
	{"predicate": {"custom_model_data": 605}, "model": "item/zubrowka"},
	{"predicate": {"custom_model_data": 606}, "model": "item/vodka"},
	{"predicate": {"custom_model_data": 607}, "model": "item/red_wine"},
	{"predicate": {"custom_model_data": 610}, "model": "item/margarita"},
	{"predicate": {"custom_model_data": 611}, "model": "item/cosmopolitan"},
	{"predicate": {"custom_model_data": 612}, "model": "item/daiquiri"},
	{"predicate": {"custom_model_data": 613}, "model": "item/gimlet"},
	{"predicate": {"custom_model_data": 614}, "model": "item/manhattan"},
	{"predicate": {"custom_model_data": 615}, "model": "item/negroni"},
	{"predicate": {"custom_model_data": 616}, "model": "item/old_fashioned"},
	{"predicate": {"custom_model_data": 617}, "model": "item/vodka_martini"}
    ]
}
